Date,Open,High,Low,Close,Adj Close,Volume,Tweet_sentiment
23-09-2020,10539.45703,10637.84766,10185.77441,10225.86426,10225.86426,22986733997,-1
24-09-2020,10227.47949,10765.79492,10215.20508,10745.54883,10745.54883,23017536742,0.5
25-09-2020,10747.47266,10757.54883,10594.04785,10702.29004,10702.29004,21232549821,0.5
26-09-2020,10702.23731,10778.5,10682.08203,10754.4375,10754.4375,18105012128,0.5
27-09-2020,10752.93945,10804.73242,10643.45801,10774.42676,10774.42676,18016880214,0
28-09-2020,10771.6416,10949.12305,10716.67676,10721.32715,10721.32715,22720365389,1
29-09-2020,10712.46289,10858.93945,10665.34473,10848.83008,10848.83008,20459870042,1
30-09-2020,10845.41113,10856.52832,10689.6709,10787.61816,10787.61816,20759622010,1
01-10-2020,10785.01074,10915.84375,10493.55273,10623.33008,10623.33008,27178227816,1
02-10-2020,10624.39063,10662.81348,10440.31152,10585.16406,10585.16406,23127839259,1
03-10-2020,10583.80664,10614.0918,10527.97852,10565.49316,10565.49316,17094010304,0.5
04-10-2020,10567.91992,10700.79102,10531.34277,10684.42871,10684.42871,17546792792,0.5
05-10-2020,10688.03418,10804.00098,10646.44336,10804.00098,10804.00098,19385191766,0.5
06-10-2020,10799.77832,10803.45606,10565.19727,10621.66406,10621.66406,22264958686,0
07-10-2020,10619.80371,10687.26856,10591.96387,10679.13672,10679.13672,17634388529,1
08-10-2020,10677.625,10939.79981,10569.82324,10923.62793,10923.62793,21962121001,1
09-10-2020,null,null,null,null,null,null,-1
10-10-2020,11059.14258,11442.21094,11056.94043,11296.36133,11296.36133,22877978588,0
11-10-2020,11296.08203,11428.81348,11288.62793,11384.18164,11384.18164,19968627060,0
12-10-2020,null,null,null,null,null,null,0
13-10-2020,null,null,null,null,null,null,0
14-10-2020,11429.04785,11539.97754,11307.83106,11429.50684,11429.50684,24103426719,0
15-10-2020,11426.60254,11569.91406,11303.60352,11495.34961,11495.34961,24487233058,0.5
16-10-2020,11502.82813,11540.06152,11223.0127,11322.12305,11322.12305,25635480772,1
17-10-2020,11322.12305,11386.26172,11285.3457,11358.10156,11358.10156,19130430174,1
18-10-2020,11355.98242,11483.35938,11347.57813,11483.35938,11483.35938,18283314340,1
19-10-2020,11495.03809,11799.09277,11408.29004,11742.03711,11742.03711,23860769928,1
20-10-2020,11745.97461,11999.91797,11681.48047,11916.33496,11916.33496,30915821592,1
21-10-2020,11913.07715,13184.56641,11900.92871,12823.68945,12823.68945,43414712626,-1
22-10-2020,12801.63574,13161.59375,12717.09375,12965.8916,12965.8916,34729759598,-1
23-10-2020,12971.54883,13015.96191,12752.64746,12931.53906,12931.53906,28974975003,-1
24-10-2020,12931.57422,13145.06641,12885.74707,13108.0625,13108.0625,24542317940,-1
25-10-2020,13108.06348,13329.18359,12910.06152,13031.17383,13031.17383,24406920575,-1
26-10-2020,13031.20117,13225.29785,12822.38281,13075.24805,13075.24805,29461458313,-1
27-10-2020,13075.24219,13759.66895,13060.83789,13654.21875,13654.21875,33749878156,0
28-10-2020,13654.21484,13837.69531,12932.25098,13271.28516,13271.28516,35867318895,0
29-10-2020,13271.29883,13612.04785,12980.05957,13437.88281,13437.88281,56499499598,0
30-10-2020,13437.87402,13651.5166,13136.19824,13546.52246,13546.52246,30581485201,0
31-10-2020,13546.53223,14028.21387,13457.53027,13780.99512,13780.99512,30306464719,0
01-11-2020,13780.99512,13862.0332,13628.37793,13737.10938,13737.10938,24453857900,1
02-11-2020,13737.03223,13808.32324,13243.16016,13550.48926,13550.48926,30771455468,1
03-11-2020,13550.45117,13984.98145,13325.44141,13950.30078,13950.30078,29869951617,1
04-11-2020,13950.48828,14218.7666,13580.47168,14133.70703,14133.70703,35116364962,1
05-11-2020,14133.7334,15706.4043,14102.08887,15579.84863,15579.84863,40856321439,1
06-11-2020,15579.72949,15903.4375,15226.83984,15565.88086,15565.88086,39837841971,0.333333333
07-11-2020,15565.88086,15737.0957,14423.20313,14833.75391,14833.75391,35024953706,0.333333333
08-11-2020,14833.75391,15637.32031,14744.11035,15479.56738,15479.56738,26632075029,1
09-11-2020,15479.5957,15785.13672,14865.5293,15332.31543,15332.31543,34149115566,1
10-11-2020,15332.35059,15450.3291,15124.95996,15290.90234,15290.90234,25574938143,0
11-11-2020,15290.90918,15916.26074,15290.00684,15701.33984,15701.33984,29772374934,0
12-11-2020,15701.29883,16305.00391,15534.77148,16276.34375,16276.34375,34175758344,0
13-11-2020,16276.44043,16463.17773,15992.15234,16317.80859,16317.80859,31599492172,0
14-11-2020,16317.80859,16317.80859,15749.19336,16068.13867,16068.13867,27481710135,0
15-11-2020,16068.13965,16123.11035,15793.53418,15955.58789,15955.58789,23653867583,0
16-11-2020,15955.57715,16816.18164,15880.70606,16716.11133,16716.11133,31526766675,0.25
17-11-2020,16685.69141,17782.91992,16564.54492,17645.40625,17645.40625,39006849170,1
18-11-2020,17645.19141,18393.94922,17352.90625,17804.00586,17804.00586,49064800278,1
19-11-2020,17803.86133,18119.54688,17382.55469,17817.08984,17817.08984,36985055355,1
20-11-2020,17817.08398,18773.22656,17765.79492,18621.31445,18621.31445,36992873940,1
21-11-2020,18621.31641,18936.62109,18444.35938,18642.23242,18642.23242,39650210707,1
22-11-2020,18642.23242,18688.96875,17671.38477,18370.00195,18370.00195,41280434226,1
23-11-2020,18370.01758,18711.42578,18000.79688,18364.12109,18364.12109,42741112308,1
24-11-2020,18365.01563,19348.27148,18128.65625,19107.46484,19107.46484,51469565009,1
25-11-2020,19104.41016,19390.96484,18581.14648,18732.12109,18732.12109,43710357371,0.333333333
26-11-2020,18729.83984,18866.28516,16351.03516,17150.62305,17150.62305,61396835737,0.333333333
27-11-2020,17153.91406,17445.02344,16526.42383,17108.40234,17108.40234,38886494645,1
28-11-2020,17112.93359,17853.93945,16910.65234,17717.41406,17717.41406,32601040734,0.5
29-11-2020,17719.63477,18283.62891,17559.11719,18177.48438,18177.48438,31133957704,-1
30-11-2020,18178.32227,19749.26367,18178.32227,19625.83594,19625.83594,47728480399,-1
01-12-2020,19633.76953,19845.97461,18321.92188,18802.99805,18802.99805,49633658712,-1
02-12-2020,18801.74414,19308.33008,18347.71875,19201.0918,19201.0918,37387697139,0
03-12-2020,19205.92578,19566.19141,18925.78516,19445.39844,19445.39844,31930317405,0
04-12-2020,19446.9668,19511.4043,18697.19336,18699.76563,18699.76563,33872388058,0
05-12-2020,18698.38477,19160.44922,18590.19336,19154.23047,19154.23047,27242455064,0
06-12-2020,19154.17969,19390.5,18897.89453,19345.12109,19345.12109,25293775714,0
07-12-2020,19343.12891,19411.82813,18931.14258,19191.63086,19191.63086,26896357742,1
08-12-2020,19191.5293,19283.47852,18269.94531,18321.14453,18321.14453,31692288756,1
09-12-2020,18320.88477,18626.29297,17935.54688,18553.91602,18553.91602,34420373071,1
10-12-2020,18553.29883,18553.29883,17957.06445,18264.99219,18264.99219,25547132265,0.5
11-12-2020,18263.92969,18268.45313,17619.5332,18058.9043,18058.9043,27919640985,0.5
12-12-2020,18051.32031,18919.55078,18046.04102,18803.65625,18803.65625,21752580802,0
13-12-2020,18806.76563,19381.53516,18734.33203,19142.38281,19142.38281,25450468637,0
14-12-2020,19144.49219,19305.09961,19012.70898,19246.64453,19246.64453,22473997681,0
15-12-2020,19246.91992,19525.00781,19079.8418,19417.07617,19417.07617,26741982541,-1
16-12-2020,19418.81836,21458.9082,19298.31641,21310.59766,21310.59766,44409011479,1
17-12-2020,21308.35156,23642.66016,21234.67578,22805.16211,22805.16211,71378606374,1
18-12-2020,22806.79688,23238.60156,22399.8125,23137.96094,23137.96094,40387896275,1
19-12-2020,23132.86523,24085.85547,22826.47266,23869.83203,23869.83203,38487546580,1
20-12-2020,23861.76563,24209.66016,23147.71094,23477.29492,23477.29492,37844228422,1
21-12-2020,23474.45508,24059.98242,22159.36719,22803.08203,22803.08203,45852713981,1
22-12-2020,22794.03906,23789.90234,22430.60547,23783.0293,23783.0293,44171632681,1
23-12-2020,23781.97461,24024.49023,22802.64648,23241.3457,23241.3457,51146161904,1
24-12-2020,23240.20313,23768.33789,22777.59766,23735.94922,23735.94922,41080759713,1
25-12-2020,23733.57031,24710.10156,23463.67383,24664.79102,24664.79102,42068395846,1
26-12-2020,24677.01563,26718.07031,24522.68945,26437.03711,26437.03711,48332647295,1
27-12-2020,26439.37305,28288.83984,25922.76953,26272.29492,26272.29492,66479895605,1
28-12-2020,26280.82227,27389.11133,26207.64063,27084.80859,27084.80859,49056742893,0
29-12-2020,27081.81055,27370.7207,25987.29883,27362.4375,27362.4375,45265946774,0
30-12-2020,27360.08984,28937.74023,27360.08984,28840.95313,28840.95313,51287442704,0
31-12-2020,28841.57422,29244.87695,28201.99219,29001.7207,29001.7207,46754964848,0
01-01-2021,28994.00977,29600.62695,28803.58594,29374.15234,29374.15234,40730301359,0
02-01-2021,29376.45508,33155.11719,29091.18164,32127.26758,32127.26758,67865420765,0
03-01-2021,32129.4082,34608.55859,32052.31641,32782.02344,32782.02344,78665235202,0
04-01-2021,32810.94922,33440.21875,28722.75586,31971.91406,31971.91406,81163475344,0
05-01-2021,31977.04102,34437.58984,30221.1875,33992.42969,33992.42969,67547324782,0
06-01-2021,34013.61328,36879.69922,33514.03516,36824.36328,36824.36328,75289433811,0
07-01-2021,36833.875,40180.36719,36491.19141,39371.04297,39371.04297,84762141031,-0.5
08-01-2021,39381.76563,41946.73828,36838.63672,40797.60938,40797.60938,88107519480,-0.5
09-01-2021,40788.64063,41436.35156,38980.875,40254.54688,40254.54688,61984162837,1
10-01-2021,40254.21875,41420.19141,35984.62891,38356.44141,38356.44141,79980747690,1
11-01-2021,38346.53125,38346.53125,30549.59961,35566.65625,35566.65625,1.23321E+11,1
12-01-2021,35516.35938,36568.52734,32697.97656,33922.96094,33922.96094,74773277909,0
13-01-2021,33915.12109,37599.96094,32584.66797,37316.35938,37316.35938,69364315979,1
14-01-2021,37325.10938,39966.40625,36868.5625,39187.32813,39187.32813,63615990033,1
15-01-2021,39156.70703,39577.71094,34659.58984,36825.36719,36825.36719,67760757881,-1
16-01-2021,36821.64844,37864.36719,35633.55469,36178.14063,36178.14063,57706187875,-1
17-01-2021,36163.64844,36722.35156,34069.32031,35791.27734,35791.27734,52359854336,-1
18-01-2021,35792.23828,37299.28516,34883.84375,36630.07422,36630.07422,49511702429,-1
19-01-2021,36642.23438,37755.89063,36069.80469,36069.80469,36069.80469,57244195486,-1
20-01-2021,36050.11328,36378.32813,33570.47656,35547.75,35547.75,66834573161,-1
21-01-2021,35549.39844,35552.67969,30250.75,30825.69922,30825.69922,75643067688,-1
22-01-2021,30817.625,33811.85156,28953.37305,33005.76172,33005.76172,77207272511,-1
23-01-2021,32985.75781,33360.97656,31493.16016,32067.64258,32067.64258,48354737975,-1
24-01-2021,32064.37695,32944.00781,31106.68555,32289.37891,32289.37891,48643830599,0
25-01-2021,32285.79883,34802.74219,32087.78711,32366.39258,32366.39258,59897054838,0
26-01-2021,32358.61328,32794.55078,31030.26563,32569.84961,32569.84961,60255421470,0
27-01-2021,32564.0293,32564.0293,29367.13867,30432.54688,30432.54688,62576762015,0.5
28-01-2021,30441.04102,31891.30078,30023.20703,31649.60547,31649.60547,78948162368,0
29-01-2021,34318.67188,38406.26172,32064.81445,34316.38672,34316.38672,1.17895E+11,1
30-01-2021,34295.93359,34834.70703,32940.1875,34269.52344,34269.52344,65141828798,1
31-01-2021,34270.87891,34288.33203,32270.17578,33114.35938,33114.35938,52754542671,1
01-02-2021,33114.57813,34638.21484,32384.22852,33537.17578,33537.17578,61400400660,1
02-02-2021,33533.19922,35896.88281,33489.21875,35510.28906,35510.28906,63088585433,1
03-02-2021,35510.82031,37480.1875,35443.98438,37472.08984,37472.08984,61166818159,0.333333333
04-02-2021,37475.10547,38592.17578,36317.5,36926.06641,36926.06641,68838074392,0.25
05-02-2021,36931.54688,38225.90625,36658.76172,38144.30859,38144.30859,58598066402,1
06-02-2021,38138.38672,40846.54688,38138.38672,39266.01172,39266.01172,71326033653,0
07-02-2021,39250.19141,39621.83594,37446.15234,38903.44141,38903.44141,65500641143,0
08-02-2021,38886.82813,46203.92969,38076.32422,46196.46484,46196.46484,1.01467E+11,0
09-02-2021,46184.99219,48003.72266,45166.96094,46481.10547,46481.10547,91809846886,0
10-02-2021,46469.76172,47145.56641,43881.15234,44918.18359,44918.18359,87301089896,-0.5
11-02-2021,44898.71094,48463.46875,44187.76172,47909.33203,47909.33203,81388911810,-0.5
12-02-2021,47877.03516,48745.73438,46424.97656,47504.85156,47504.85156,76555041196,1
13-02-2021,47491.20313,48047.74609,46392.28125,47105.51563,47105.51563,70250456155,1
14-02-2021,47114.50781,49487.64063,47114.50781,48717.28906,48717.28906,71248675228,1
15-02-2021,48696.53516,48875.57031,46347.47656,47945.05859,47945.05859,77069903166,1
16-02-2021,47944.45703,50341.10156,47201.30469,49199.87109,49199.87109,77049582886,1
17-02-2021,49207.27734,52533.91406,49072.37891,52149.00781,52149.00781,80820545404,1
18-02-2021,52140.97266,52474.10547,51015.76563,51679.79688,51679.79688,52054723579,0.5
19-02-2021,51675.98047,56113.65234,50937.27734,55888.13281,55888.13281,63495496918,0
20-02-2021,55887.33594,57505.22656,54626.55859,56099.51953,56099.51953,68145460026,0
21-02-2021,56068.56641,58330.57031,55672.60938,57539.94531,57539.94531,51897585191,0.5
22-02-2021,57532.73828,57533.39063,48967.56641,54207.32031,54207.32031,92052420332,1
23-02-2021,54204.92969,54204.92969,45290.58984,48824.42578,48824.42578,1.06102E+11,1
24-02-2021,48835.08594,51290.13672,47213.5,49705.33203,49705.33203,63695521388,0.5
25-02-2021,49709.08203,51948.96875,47093.85156,47093.85156,47093.85156,54506565949,0.5
26-02-2021,47180.46484,48370.78516,44454.84375,46339.76172,46339.76172,3.50968E+11,0
27-02-2021,46344.77344,48253.26953,45269.02734,46188.45313,46188.45313,45910946382,0
28-02-2021,46194.01563,46716.42969,43241.61719,45137.76953,45137.76953,53443887451,0
01-03-2021,45159.50391,49784.01563,45115.09375,49631.24219,49631.24219,53891300112,-0.5
02-03-2021,49612.10547,50127.51172,47228.84375,48378.98828,48378.98828,47530897720,0
03-03-2021,48415.81641,52535.13672,48274.32031,50538.24219,50538.24219,53220811975,0
04-03-2021,50522.30469,51735.08984,47656.92969,48561.16797,48561.16797,52343816680,0
05-03-2021,48527.03125,49396.42969,46542.51563,48927.30469,48927.30469,48625928883,0
06-03-2021,48899.23047,49147.21875,47257.52734,48912.38281,48912.38281,34363564661,0
07-03-2021,48918.67969,51384.36719,48918.67969,51206.69141,51206.69141,43137459378,0
08-03-2021,51174.11719,52314.07031,49506.05469,52246.52344,52246.52344,48597428048,0
09-03-2021,52272.96875,54824.11719,51981.83203,54824.11719,54824.11719,50912227385,0
10-03-2021,54824.01172,57258.25391,53290.89063,56008.55078,56008.55078,57295577614,0
11-03-2021,55963.17969,58091.0625,54484.59375,57805.12109,57805.12109,56772343595,0
12-03-2021,57821.21875,57996.62109,55376.64844,57332.08984,57332.08984,55689944702,0.666666667
13-03-2021,57343.37109,61683.86328,56217.97266,61243.08594,61243.08594,60669829814,1
14-03-2021,61221.13281,61597.91797,59302.31641,59302.31641,59302.31641,43901225564,1
15-03-2021,59267.42969,60540.99219,55393.16406,55907.19922,55907.19922,66419369890,1
16-03-2021,55840.78516,56833.17969,53555.02734,56804.90234,56804.90234,59749798599,1
17-03-2021,56825.82813,58969.81641,54528.62891,58870.89453,58870.89453,60258313191,1
18-03-2021,58893.07813,60116.25,54253.57813,57858.92188,57858.92188,55746041000,1
19-03-2021,57850.44141,59498.375,56643.70313,58346.65234,58346.65234,49063873786,1
20-03-2021,58332.26172,60031.28516,58213.29688,58313.64453,58313.64453,50361731222,0
21-03-2021,58309.91406,58767.89844,56005.61719,57523.42188,57523.42188,51943414539,0
22-03-2021,57517.89063,58471.48047,54288.15625,54529.14453,54529.14453,56521454974,1
23-03-2021,54511.66016,55985.44141,53470.69531,54738.94531,54738.94531,56435023914,1
24-03-2021,54710.48828,57262.38281,52514.33203,52774.26563,52774.26563,70567223787,1
25-03-2021,52726.74609,53392.38672,50856.57031,51704.16016,51704.16016,67999812841,1
26-03-2021,51683.01172,55137.3125,51579.85547,55137.3125,55137.3125,56652197978,1
27-03-2021,55137.56641,56568.21484,54242.91016,55973.51172,55973.51172,47266542233,0
28-03-2021,55974.94141,56610.3125,55071.11328,55950.74609,55950.74609,47686580918,1
29-03-2021,55947.89844,58342.09766,55139.33984,57750.19922,57750.19922,57625587027,-1
30-03-2021,57750.13281,59447.22266,57251.55078,58917.69141,58917.69141,54414116432,-0.5
31-03-2021,58930.27734,59930.02734,57726.41797,58918.83203,58918.83203,65520826225,0.75
01-04-2021,58926.5625,59586.07031,58505.27734,59095.80859,59095.80859,61669163792,0.5
02-04-2021,59098.87891,60267.1875,58869.28125,59384.3125,59384.3125,58727860620,0.5
03-04-2021,59397.41016,60110.26953,57603.89063,57603.89063,57603.89063,59641344484,1
04-04-2021,57604.83984,58913.74609,57168.67578,58758.55469,58758.55469,50749662970,-1
05-04-2021,58760.875,59891.29688,57694.82422,59057.87891,59057.87891,60706272115,-1
06-04-2021,59171.93359,59479.57813,57646.80859,58192.35938,58192.35938,66058027988,-1
07-04-2021,58186.50781,58731.14453,55604.02344,56048.9375,56048.9375,75645303584,1
08-04-2021,56099.91406,58338.73828,55879.08594,58323.95313,58323.95313,53053855641,0.666666667
09-04-2021,58326.5625,58937.04688,57807.86328,58245.00391,58245.00391,46655208546,-1
10-04-2021,58253.77734,61276.66406,58038.70703,59793.23438,59793.23438,58238470525,1
11-04-2021,59846.23047,60790.55469,59289.79688,60204.96484,60204.96484,46280252580,1
12-04-2021,60175.94531,61253.03516,59589.875,59893.45313,59893.45313,51828688519,1
13-04-2021,59890.01953,63742.28516,59869.95703,63503.45703,63503.45703,69983454362,-0.5
14-04-2021,63523.75391,64863.09766,61554.79688,63109.69531,63109.69531,77451779687,0
15-04-2021,63075.19531,63821.67188,62208.96484,63314.01172,63314.01172,60954381579,-1
16-04-2021,63258.50391,63594.72266,60222.53125,61572.78906,61572.78906,84293007468,-1
17-04-2021,61529.92188,62572.17578,60361.35156,60683.82031,60683.82031,66138759198,-1
18-04-2021,60701.88672,61057.45703,52829.53516,56216.18359,56216.18359,97468872758,-1
19-04-2021,56191.58594,57520.05469,54368.59375,55724.26563,55724.26563,65344865159,-1
20-04-2021,55681.79297,57062.14844,53448.04688,56473.03125,56473.03125,67849323955,0
21-04-2021,56471.12891,56757.97266,53695.46875,53906.08984,53906.08984,54926612466,-1
22-04-2021,53857.10547,55410.23047,50583.8125,51762.27344,51762.27344,74798630778,0
23-04-2021,51739.80859,52120.79297,47714.66406,51093.65234,51093.65234,86668667320,1
24-04-2021,51143.22656,51167.5625,48805.28516,50050.86719,50050.86719,49014494781,1
25-04-2021,50052.83203,50506.01953,47159.48438,49004.25391,49004.25391,46117114240,0
26-04-2021,49077.79297,54288.00391,48852.79688,54021.75391,54021.75391,58284039825,-1
27-04-2021,54030.30469,55416.96484,53319.1875,55033.11719,55033.11719,49448222757,-1
28-04-2021,55036.63672,56227.20703,53887.91797,54824.70313,54824.70313,48000572955,1
29-04-2021,54858.08984,55115.84375,52418.02734,53555.10938,53555.10938,46088929780,0
30-04-2021,53568.66406,57900.71875,53129.60156,57750.17578,57750.17578,52395931985,0
01-05-2021,57714.66406,58448.33984,57052.27344,57828.05078,57828.05078,42836427360,0
02-05-2021,57825.86328,57902.59375,56141.90625,56631.07813,56631.07813,38177405335,0
03-05-2021,56620.27344,58973.30859,56590.87109,57200.29297,57200.29297,51713139031,1
04-05-2021,57214.17969,57214.17969,53191.42578,53333.53906,53333.53906,68564706967,1
05-05-2021,53252.16406,57911.36328,52969.05469,57424.00781,57424.00781,69241316747,0
06-05-2021,57441.30859,58363.31641,55382.50781,56396.51563,56396.51563,69523285106,0
07-05-2021,56413.95313,58606.63281,55321.84766,57356.40234,57356.40234,68434023376,0
08-05-2021,57352.76563,59464.61328,56975.21094,58803.77734,58803.77734,65382980634,0
09-05-2021,58877.39063,59210.88281,56482.00391,58232.31641,58232.31641,65906690347,0
10-05-2021,58250.87109,59519.35547,54071.45703,55859.79688,55859.79688,71776546298,0
11-05-2021,55847.24219,56872.54297,54608.65234,56704.57422,56704.57422,61308396325,0
12-05-2021,56714.53125,57939.36328,49150.53516,49150.53516,49150.53516,75215403907,0.5
13-05-2021,49735.43359,51330.84375,46980.01953,49716.19141,49716.19141,96721152926,0.5
14-05-2021,49682.98047,51438.11719,48868.57813,49880.53516,49880.53516,55737497453,-1
15-05-2021,49855.49609,50639.66406,46664.14063,46760.1875,46760.1875,59161047474,0.666666667
16-05-2021,46716.63672,49720.04297,43963.35156,46456.05859,46456.05859,64047871555,1
17-05-2021,46415.89844,46623.55859,42207.28906,43537.51172,43537.51172,74903638450,0
18-05-2021,43488.05859,45812.45703,42367.83203,42909.40234,42909.40234,56187365084,0
19-05-2021,42944.97656,43546.11719,30681.49609,37002.44141,37002.44141,1.26358E+11,1
20-05-2021,36753.66797,42462.98438,35050.61719,40782.73828,40782.73828,88281943359,1
21-05-2021,40596.94922,42172.17188,33616.45313,37304.69141,37304.69141,82051616861,0.5
22-05-2021,37371.03125,38831.05469,35383.68359,37536.63281,37536.63281,57377273240,0.5
23-05-2021,37531.44922,38289.21875,31227.33984,34770.58203,34770.58203,78469274361,0.5
24-05-2021,34700.36328,39835.14063,34551.08203,38705.98047,38705.98047,67359584098,0.333333333
25-05-2021,38795.78125,39776.35156,36581.42969,38402.22266,38402.22266,56211915803,0.333333333
26-05-2021,38392.625,40782.07813,37905.83594,39294.19922,39294.19922,51346735160,0
27-05-2021,39316.89063,40379.61719,37247.90234,38436.96875,38436.96875,43210968721,0
28-05-2021,38507.08203,38856.96875,34779.03906,35697.60547,35697.60547,55200191952,0.5
29-05-2021,35684.15625,37234.5,33693.92969,34616.06641,34616.06641,45231013335,0.5
30-05-2021,34607.40625,36400.66797,33520.73828,35678.12891,35678.12891,31646080921,0
31-05-2021,35658.59375,37468.25,34241.94531,37332.85547,37332.85547,39009847639,0.5
01-06-2021,37293.79297,37896.73438,35787.08594,36684.92578,36684.92578,34639423297,0
02-06-2021,36699.92188,38231.33984,35966.30859,37575.17969,37575.17969,33070867190,1
03-06-2021,37599.41016,39478.95313,37243.97266,39208.76563,39208.76563,35460750427,0.5
04-06-2021,39242.48438,39242.48438,35717.72266,36894.40625,36894.40625,41831090187,0.5
05-06-2021,36880.15625,37917.71484,34900.41406,35551.95703,35551.95703,35959473399,1
06-06-2021,35538.60938,36436.42188,35304.57813,35862.37891,35862.37891,28913440585,1
07-06-2021,35835.26563,36790.57031,33480.64063,33560.70703,33560.70703,33683936663,1
08-06-2021,33589.51953,34017.38672,31114.44336,33472.63281,33472.63281,49902050442,0.333333333
09-06-2021,33416.97656,37537.37109,32475.86523,37345.12109,37345.12109,53972919008,0.333333333
10-06-2021,37389.51563,38334.32422,35847.59375,36702.59766,36702.59766,43576032854,0.333333333
11-06-2021,36697.03125,37608.69531,36044.44922,37334.39844,37334.39844,38699736985,0
12-06-2021,37340.14453,37408.92578,34728.19141,35552.51563,35552.51563,37924228550,0
13-06-2021,35555.78906,39322.78125,34864.10938,39097.85938,39097.85938,40669112838,1
14-06-2021,39016.96875,40978.36328,38757.28516,40218.47656,40218.47656,43148914673,1
15-06-2021,40427.16797,41295.26953,39609.46875,40406.26953,40406.26953,46420149185,1
16-06-2021,40168.69141,40516.77734,38176.03516,38347.0625,38347.0625,39211635100,1
17-06-2021,38341.42188,39513.67188,37439.67578,38053.50391,38053.50391,37096670047,1
18-06-2021,38099.47656,38187.26172,35255.85547,35787.24609,35787.24609,36200887275,1
19-06-2021,35854.52734,36457.79688,34933.0625,35615.87109,35615.87109,31207279719,0
20-06-2021,35563.14063,36059.48438,33432.07422,35698.29688,35698.29688,36664034054,1
21-06-2021,35641.14453,35721.64063,31295.93555,31676.69336,31676.69336,52809038594,-0.5
22-06-2021,31622.37695,33292.45313,28893.62109,32505.66016,32505.66016,58964353058,0
23-06-2021,32515.71484,34753.41016,31772.63281,33723.02734,33723.02734,46317108925,0
24-06-2021,33682.80078,35228.85156,32385.21484,34662.4375,34662.4375,33123368116,0
25-06-2021,34659.10547,35487.24609,31350.88477,31637.7793,31637.7793,40230904226,1
26-06-2021,31594.66406,32637.58789,30184.50195,32186.27734,32186.27734,38585385521,1
27-06-2021,32287.52344,34656.12891,32071.75781,34649.64453,34649.64453,35511640894,1
28-06-2021,34679.12109,35219.89063,33902.07422,34434.33594,34434.33594,33892523752,0.5
29-06-2021,34475.55859,36542.10938,34252.48438,35867.77734,35867.77734,37901460044,0.5
30-06-2021,35908.38672,36074.75781,34086.15234,35040.83594,35040.83594,34059036099,0.5
01-07-2021,35035.98438,35035.98438,32883.78125,33572.11719,33572.11719,37838957079,0
02-07-2021,33549.60156,33939.58984,32770.67969,33897.04688,33897.04688,38728974942,-1
03-07-2021,33854.42188,34909.26172,33402.69531,34668.54688,34668.54688,24383958643,1
04-07-2021,34665.56641,35937.56641,34396.47656,35287.78125,35287.78125,24924307911,1
05-07-2021,35284.34375,35284.34375,33213.66016,33746.00391,33746.00391,26721554282,1
06-07-2021,33723.50781,35038.53516,33599.91797,34235.19531,34235.19531,26501259870,1
07-07-2021,34225.67969,34997.66406,33839.28906,33855.32813,33855.32813,24796027477,1
08-07-2021,33889.60547,33907.90625,32133.18359,32877.37109,32877.37109,29910396946,1
09-07-2021,32861.67188,34042.29297,32318.88086,33798.01172,33798.01172,27436021028,1
10-07-2021,33811.24219,34209.07031,33116.01172,33520.51953,33520.51953,22971873468,-0.5
11-07-2021,33509.07813,34584.70313,33346.73828,34240.1875,34240.1875,20108729370,0
12-07-2021,34254.01563,34592.15625,32697.30859,33155.84766,33155.84766,24321499537,0
13-07-2021,33125.46875,33327.10156,32261.41992,32702.02539,32702.02539,19120856669,0
14-07-2021,32723.8457,33061.39844,31639.125,32822.34766,32822.34766,21376531210,0
15-07-2021,32827.875,33159.64063,31175.70898,31780.73047,31780.73047,21300524237,1
16-07-2021,31841.55078,32218.40625,31100.67383,31421.53906,31421.53906,23699476918,0
17-07-2021,31397.30859,31935.94531,31223.99023,31533.06836,31533.06836,18895018942,1
18-07-2021,31533.88477,32398.99609,31215.49219,31796.81055,31796.81055,18787986667,0.666666667
19-07-2021,31800.01172,31885.85938,30563.73438,30817.83203,30817.83203,20434789545,0
20-07-2021,30838.28516,31006.1875,29360.95508,29807.34766,29807.34766,23148267245,-1
21-07-2021,29796.28516,32752.32617,29526.18359,32110.69336,32110.69336,28203024559,0
22-07-2021,32138.87305,32576.40039,31745.29883,32313.10547,32313.10547,19555230518,0
23-07-2021,32305.95898,33581.55078,32057.89258,33581.55078,33581.55078,22552046192,0
24-07-2021,33593.73047,34490.39063,33424.85938,34292.44531,34292.44531,21664706865,0
25-07-2021,34290.29297,35364.92578,33881.83594,35350.1875,35350.1875,20856685287,0
26-07-2021,35384.03125,40499.67578,35287.3125,37337.53516,37337.53516,51022126212,0
27-07-2021,37276.03516,39406.94141,36441.72656,39406.94141,39406.94141,35097370560,-1
28-07-2021,39503.1875,40816.07031,38862.4375,39995.90625,39995.90625,38702404695,1
29-07-2021,39995.45313,40593.07031,39352.05859,40008.42188,40008.42188,27167146027,1
30-07-2021,40027.48438,42235.54688,38397.35547,42235.54688,42235.54688,33072782960,1
31-07-2021,42196.30469,42231.44922,41110.83203,41626.19531,41626.19531,25802845343,1
01-08-2021,41460.84375,42541.67969,39540.94141,39974.89453,39974.89453,26688438115,0
02-08-2021,39907.26172,40419.17969,38746.34766,39201.94531,39201.94531,25595265436,0
03-08-2021,39178.40234,39750.03125,37782.05078,38152.98047,38152.98047,26189830450,-1
04-08-2021,38213.33203,39952.29688,37589.16406,39747.50391,39747.50391,25372562724,0.5
05-08-2021,39744.51563,41341.93359,37458.00391,40869.55469,40869.55469,35185031017,-0.2
06-08-2021,40865.86719,43271.66016,39932.17969,42816.5,42816.5,38226483046,1
07-08-2021,42832.79688,44689.85938,42618.56641,44555.80078,44555.80078,40030862141,1
08-08-2021,44574.4375,45282.35156,43331.91016,43798.11719,43798.11719,36302664750,1
09-08-2021,43791.92578,46456.83203,42848.6875,46365.40234,46365.40234,38734079049,1
10-08-2021,46280.84766,46637.98828,44705.55469,45585.03125,45585.03125,33546019517,1
11-08-2021,45599.70313,46735.63281,45351.71094,45593.63672,45593.63672,34319709073,1
12-08-2021,45576.87891,46228.91016,43861.44531,44428.28906,44428.28906,33723620826,-0.4
13-08-2021,44439.69141,47831.97656,44282.41797,47793.32031,47793.32031,31744259539,-0.4
14-08-2021,47810.6875,48098.68359,46177.63281,47096.94531,47096.94531,31211354442,1
15-08-2021,47096.66797,47357.10547,45579.58984,47047.00391,47047.00391,30988958446,1
16-08-2021,47019.96094,47998.09766,45700.32031,46004.48438,46004.48438,32776876610,1
17-08-2021,45936.45703,47139.57031,44512.41797,44695.35938,44695.35938,33451362600,0
18-08-2021,44686.75,45952.0625,44364.02734,44801.1875,44801.1875,32194123075,0.285714286
19-08-2021,44741.88281,46970.76172,43998.31641,46717.57813,46717.57813,37204312299,0
20-08-2021,46723.12109,49342.15234,46650.70703,49339.17578,49339.17578,34706867452,-0.25
21-08-2021,49327.07422,49717.01953,48312.19922,48905.49219,48905.49219,40585205312,-0.25
22-08-2021,48869.10547,49471.60938,48199.94141,49321.65234,49321.65234,25370975378,1
23-08-2021,49291.67578,50482.07813,49074.60547,49546.14844,49546.14844,34305053719,0.5
24-08-2021,49562.34766,49878.76953,47687.11719,47706.11719,47706.11719,35361168834,0.5
25-08-2021,47727.25781,49202.87891,47163.61328,48960.78906,48960.78906,32646349931,1
26-08-2021,49002.64063,49347.58203,46405.78125,46942.21875,46942.21875,32666549568,0
27-08-2021,46894.55469,49112.78516,46394.28125,49058.66797,49058.66797,34511076995,0.285714286
28-08-2021,49072.58594,49283.50391,48499.23828,48902.40234,48902.40234,28568103401,0
29-08-2021,48911.25,49644.11328,47925.85547,48829.83203,48829.83203,25889650240,0
30-08-2021,48834.85156,48925.60547,46950.27344,47054.98438,47054.98438,31847007016,0
31-08-2021,47024.33984,48189.55078,46750.09375,47166.6875,47166.6875,34730363427,0
01-09-2021,47099.77344,49111.08984,46562.4375,48847.02734,48847.02734,39139399125,0.4
02-09-2021,48807.84766,50343.42188,48652.32031,49327.72266,49327.72266,39508070319,1
03-09-2021,49288.25,50982.27344,48386.08594,50025.375,50025.375,43206179619,1
04-09-2021,50009.32422,50545.58203,49548.78125,49944.625,49944.625,37471327794,1
05-09-2021,49937.85938,51868.67969,49538.59766,51753.41016,51753.41016,30322676319,1
06-09-2021,51769.00391,52700.94141,51053.67969,52633.53516,52633.53516,38884105426,-0.5
07-09-2021,52660.48047,52853.76563,43285.20703,46811.12891,46811.12891,65210059683,0
08-09-2021,46827.76172,47334.05469,44561.39453,46091.39063,46091.39063,49007762488,0.6
09-09-2021,45774.74219,47261.94922,45669.73828,46391.42188,46391.42188,38672657013,0.4
10-09-2021,46396.66406,47031.74219,44344.48438,44883.91016,44883.91016,39154666597,0.666666667
11-09-2021,44869.83984,45969.29297,44818.26563,45201.45703,45201.45703,34499835245,0
12-09-2021,45206.62891,46364.87891,44790.46094,46063.26953,46063.26953,27881980161,0
13-09-2021,46057.21484,46598.67969,43591.32031,44963.07422,44963.07422,40969943253,0
14-09-2021,44960.05078,47218.125,44752.33203,47092.49219,47092.49219,38652152880,1
15-09-2021,47098,48450.46875,46773.32813,48176.34766,48176.34766,30484496466,1
16-09-2021,48158.90625,48486.82813,47079.55859,47783.35938,47783.35938,31764293754,-1
17-09-2021,47771.00391,48160.92188,46832.52344,47267.51953,47267.51953,28727713711,0.333333333
18-09-2021,47273.52734,48791.78125,47087.28516,48278.36328,48278.36328,28575630451,0
19-09-2021,48268.85547,48328.36719,46919.80469,47260.21875,47260.21875,26967722648,1
20-09-2021,47261.40625,47328.19922,42598.91406,42843.80078,42843.80078,43909845642,1
21-09-2021,43012.23438,43607.60938,39787.60938,40693.67578,40693.67578,48701090088,1
22-09-2021,40677.95313,43978.62109,40625.63281,43574.50781,43574.50781,38139709246,1
23-09-2021,43551.96094,44316.5,43182.21875,43726.5,43726.5,37355593728,0
